,scenario,file,bbox
0,MTEXT_2115,Udbredelse_MTEXT_2115/Udbredelse_AAB_MTEXT_2115.png,"(9.392145, 55.015943, 9.460186, 55.051103)"
1,MTEXT_2115,Udbredelse_MTEXT_2115/Udbredelse_ESB_MTEXT_2115.png,"(8.387256, 55.434368, 8.508572, 55.5058)"
2,MTEXT_2115,Udbredelse_MTEXT_2115/Udbredelse_FRE_MTEXT_2115.png,"(9.701081, 55.544837, 9.768304, 55.565619)"
3,MTEXT_2115,Udbredelse_MTEXT_2115/Udbredelse_JUE_MTEXT_2115.png,"(9.998239, 55.696635, 10.030704, 55.718018)"
4,MTEXT_2115,Udbredelse_MTEXT_2115/Udbredelse_KHS_MTEXT_2115.png,"(12.43739, 55.5522, 12.693495, 55.714904)"
5,MTEXT_2115,Udbredelse_MTEXT_2115/Udbredelse_KHN_MTEXT_2115.png,"(12.487415, 55.552264, 12.694708, 55.726316)"
6,MTEXT_2115,Udbredelse_MTEXT_2115/Udbredelse_KOL_MTEXT_2115.png,"(9.377683, 55.47553, 9.553077, 55.510132)"
7,MTEXT_2115,Udbredelse_MTEXT_2115/Udbredelse_KOR_MTEXT_2115.png,"(11.090517, 55.307539, 11.217802, 55.363792)"
8,MTEXT_2115,Udbredelse_MTEXT_2115/Udbredelse_KBU_MTEXT_2115.png,"(12.120189, 55.410787, 12.468536, 55.639661)"
9,MTEXT_2115,Udbredelse_MTEXT_2115/Udbredelse_NYB_MTEXT_2115.png,"(10.780247, 55.284468, 10.857497, 55.321463)"
10,MTEXT_2115,Udbredelse_MTEXT_2115/Udbredelse_ODE_MTEXT_2115.png,"(10.356789, 55.390362, 10.653339, 55.57148)"
11,MTEXT_2115,Udbredelse_MTEXT_2115/Udbredelse_RAF_MTEXT_2115.png,"(9.74418, 56.374056, 10.398672, 56.634162)"
12,MTEXT_2115,Udbredelse_MTEXT_2115/Udbredelse_SKB_MTEXT_2115.png,"(9.59467, 55.51028, 9.623269, 55.522602)"
13,MTEXT_2115,Udbredelse_MTEXT_2115/Udbredelse_SYD_MTEXT_2115.png,"(10.937212, 54.588761, 11.573403, 54.904299)"
14,MTEXT_2115,Udbredelse_MTEXT_2115/Udbredelse_NAK_MTEXT_2115.png,"(10.937212, 54.588761, 11.573403, 54.904299)"
15,MTEXT_2115,Udbredelse_MTEXT_2115/Udbredelse_VEJ_MTEXT_2115.png,"(9.46702, 55.6934, 9.646392, 55.715816)"
16,MTEXT_2115,Udbredelse_MTEXT_2115/Udbredelse_VOR_MTEXT_2115.png,"(11.840523, 54.97512, 11.936871, 55.020135)"
17,MTEXT_2019,Udbredelse_MTEXT_2019/Udbredelse_AAB_MTEXT_2019.png,"(9.404793, 55.015999, 9.460182, 55.050673)"
18,MTEXT_2019,Udbredelse_MTEXT_2019/Udbredelse_ESB_MTEXT_2019.png,"(8.39128, 55.430306, 8.505869, 55.487409)"
19,MTEXT_2019,Udbredelse_MTEXT_2019/Udbredelse_FRE_MTEXT_2019.png,"(9.704459, 55.54482, 9.768347, 55.565233)"
20,MTEXT_2019,Udbredelse_MTEXT_2019/Udbredelse_JUE_MTEXT_2019.png,"(9.998254, 55.696635, 10.030704, 55.718018)"
21,MTEXT_2019,Udbredelse_MTEXT_2019/Udbredelse_KHS_MTEXT_2019.png,"(12.444529, 55.5522, 12.693495, 55.714702)"
22,MTEXT_2019,Udbredelse_MTEXT_2019/Udbredelse_KHN_MTEXT_2019.png,"(12.490482, 55.580186, 12.694708, 55.726299)"
23,MTEXT_2019,Udbredelse_MTEXT_2019/Udbredelse_KOL_MTEXT_2019.png,"(9.377689, 55.47617, 9.553069, 55.509535)"
24,MTEXT_2019,Udbredelse_MTEXT_2019/Udbredelse_KOR_MTEXT_2019.png,"(11.090608, 55.307507, 11.216816, 55.359259)"
25,MTEXT_2019,Udbredelse_MTEXT_2019/Udbredelse_KBU_MTEXT_2019.png,"(12.145578, 55.410787, 12.467294, 55.624914)"
26,MTEXT_2019,Udbredelse_MTEXT_2019/Udbredelse_NYB_MTEXT_2019.png,"(10.780314, 55.284468, 10.857494, 55.321422)"
27,MTEXT_2019,Udbredelse_MTEXT_2019/Udbredelse_ODE_MTEXT_2019.png,"(10.363421, 55.390751, 10.653339, 55.571406)"
28,MTEXT_2019,Udbredelse_MTEXT_2019/Udbredelse_RAF_MTEXT_2019.png,"(9.744227, 56.374413, 10.365904, 56.629726)"
29,MTEXT_2019,Udbredelse_MTEXT_2019/Udbredelse_SKB_MTEXT_2019.png,"(9.59467, 55.510278, 9.623312, 55.522567)"
30,MTEXT_2019,Udbredelse_MTEXT_2019/Udbredelse_SYD_MTEXT_2019.png,"(10.938242, 54.588761, 11.573403, 54.904282)"
31,MTEXT_2019,Udbredelse_MTEXT_2019/Udbredelse_NAK_MTEXT_2019.png,"(10.937212, 54.588761, 11.573403, 54.904299)"
32,MTEXT_2019,Udbredelse_MTEXT_2019/Udbredelse_VEJ_MTEXT_2019.png,"(9.479961, 55.6934, 9.64639, 55.715662)"
33,MTEXT_2019,Udbredelse_MTEXT_2019/Udbredelse_VOR_MTEXT_2019.png,"(11.840523, 54.97512, 11.936867, 55.020073)"
34,MT100_2115,Udbredelse_MT100_2115/Udbredelse_AAB_MT100_2115.png,"(9.405067, 55.016133, 9.460175, 55.050049)"
35,MT100_2115,Udbredelse_MT100_2115/Udbredelse_ESB_MT100_2115.png,"(8.387948, 55.43437, 8.508242, 55.487701)"
36,MT100_2115,Udbredelse_MT100_2115/Udbredelse_FRE_MT100_2115.png,"(9.703142, 55.544842, 9.768329, 55.565159)"
37,MT100_2115,Udbredelse_MT100_2115/Udbredelse_HOL_MT100_2115.png,"(8.586206, 56.347677, 8.638287, 56.359988)"
38,MT100_2115,Udbredelse_MT100_2115/Udbredelse_JUE_MT100_2115.png,"(9.998254, 55.696635, 10.030704, 55.718018)"
39,MT100_2115,Udbredelse_MT100_2115/Udbredelse_KHS_MT100_2115.png,"(12.444529, 55.5522, 12.693495, 55.714702)"
40,MT100_2115,Udbredelse_MT100_2115/Udbredelse_KHN_MT100_2115.png,"(12.48765, 55.55226, 12.694708, 55.726309)"
41,MT100_2115,Udbredelse_MT100_2115/Udbredelse_KOL_MT100_2115.png,"(9.377699, 55.47717, 9.553058, 55.508804)"
42,MT100_2115,Udbredelse_MT100_2115/Udbredelse_KOR_MT100_2115.png,"(11.090518, 55.307666, 11.210687, 55.360747)"
43,MT100_2115,Udbredelse_MT100_2115/Udbredelse_KBU_MT100_2115.png,"(12.145579, 55.410787, 12.46729, 55.624872)"
44,MT100_2115,Udbredelse_MT100_2115/Udbredelse_NYB_MT100_2115.png,"(10.780256, 55.284468, 10.857496, 55.321448)"
45,MT100_2115,Udbredelse_MT100_2115/Udbredelse_ODE_MT100_2115.png,"(10.362798, 55.390752, 10.653339, 55.571413)"
46,MT100_2115,Udbredelse_MT100_2115/Udbredelse_RAF_MT100_2115.png,"(9.744227, 56.374225, 10.383198, 56.633939)"
47,MT100_2115,Udbredelse_MT100_2115/Udbredelse_SKB_MT100_2115.png,"(9.59467, 55.510278, 9.623312, 55.522567)"
48,MT100_2115,Udbredelse_MT100_2115/Udbredelse_SLO_MT100_2115.png,"(10.937212, 54.588761, 11.573403, 54.904299)"
49,MT100_2115,Udbredelse_MT100_2115/Udbredelse_VEJ_MT100_2115.png,"(9.472871, 55.6934, 9.646392, 55.715764)"
50,MT100_2115,Udbredelse_MT100_2115/Udbredelse_VOR_MT100_2115.png,"(11.840523, 54.97512, 11.936867, 55.020073)"
51,MT100_2065,Udbredelse_MT100_2065/Udbredelse_AAB_MT100_2065.png,"(9.4114, 55.016131, 9.460164, 55.04911)"
52,MT100_2065,Udbredelse_MT100_2065/Udbredelse_ESB_MT100_2065.png,"(8.391455, 55.434435, 8.505817, 55.487387)"
53,MT100_2065,Udbredelse_MT100_2065/Udbredelse_FRE_MT100_2065.png,"(9.726653, 55.54482, 9.768329, 55.564229)"
54,MT100_2065,Udbredelse_MT100_2065/Udbredelse_JUE_MT100_2065.png,"(9.998924, 55.696635, 10.030704, 55.718012)"
55,MT100_2065,Udbredelse_MT100_2065/Udbredelse_KHS_MT100_2065.png,"(12.444529, 55.5522, 12.693495, 55.714702)"
56,MT100_2065,Udbredelse_MT100_2065/Udbredelse_KHN_MT100_2065.png,"(12.488963, 55.563018, 12.694708, 55.726299)"
57,MT100_2065,Udbredelse_MT100_2065/Udbredelse_KOL_MT100_2065.png,"(9.377722, 55.479631, 9.553048, 55.508096)"
58,MT100_2065,Udbredelse_MT100_2065/Udbredelse_KOR_MT100_2065.png,"(11.090612, 55.307676, 11.210458, 55.355967)"
59,MT100_2065,Udbredelse_MT100_2065/Udbredelse_KBU_MT100_2065.png,"(12.160223, 55.410787, 12.467255, 55.624088)"
60,MT100_2065,Udbredelse_MT100_2065/Udbredelse_NYB_MT100_2065.png,"(10.780314, 55.284468, 10.857494, 55.321422)"
61,MT100_2065,Udbredelse_MT100_2065/Udbredelse_ODE_MT100_2065.png,"(10.370186, 55.392332, 10.638225, 55.571331)"
62,MT100_2065,Udbredelse_MT100_2065/Udbredelse_RAF_MT100_2065.png,"(9.744187, 56.374414, 10.366006, 56.629554)"
63,MT100_2065,Udbredelse_MT100_2065/Udbredelse_SKB_MT100_2065.png,"(9.59467, 55.510277, 9.623312, 55.522568)"
64,MT100_2065,Udbredelse_MT100_2065/Udbredelse_SLO_MT100_2065.png,"(10.937212, 54.588761, 11.573403, 54.904299)"
65,MT100_2065,Udbredelse_MT100_2065/Udbredelse_VEJ_MT100_2065.png,"(9.479841, 55.6934, 9.646383, 55.715209)"
66,MT100_2065,Udbredelse_MT100_2065/Udbredelse_VOR_MT100_2065.png,"(11.840523, 54.97512, 11.936832, 55.019609)"
67,MT100_2019,Udbredelse_MT100_2019/Udbredelse_AAB_MT100_2019.png,"(9.420674, 55.016181, 9.46014, 55.046988)"
68,MT100_2019,Udbredelse_MT100_2019/Udbredelse_ESB_MT100_2019.png,"(8.39649, 55.434795, 8.505814, 55.487255)"
69,MT100_2019,Udbredelse_MT100_2019/Udbredelse_FRE_MT100_2019.png,"(9.726643, 55.544819, 9.768327, 55.564127)"
70,MT100_2019,Udbredelse_MT100_2019/Udbredelse_HOL_MT100_2019.png,"(8.590386, 56.34769, 8.638316, 56.36004)"
71,MT100_2019,Udbredelse_MT100_2019/Udbredelse_JUE_MT100_2019.png,"(9.999663, 55.696635, 10.030704, 55.718007)"
72,MT100_2019,Udbredelse_MT100_2019/Udbredelse_KHS_MT100_2019.png,"(12.444529, 55.552233, 12.692412, 55.714702)"
73,MT100_2019,Udbredelse_MT100_2019/Udbredelse_KHN_MT100_2019.png,"(12.490574, 55.579255, 12.694708, 55.726294)"
74,MT100_2019,Udbredelse_MT100_2019/Udbredelse_KOL_MT100_2019.png,"(9.377723, 55.479681, 9.553023, 55.506265)"
75,MT100_2019,Udbredelse_MT100_2019/Udbredelse_KOR_MT100_2019.png,"(11.090609, 55.307715, 11.208286, 55.355967)"
76,MT100_2019,Udbredelse_MT100_2019/Udbredelse_KBU_MT100_2019.png,"(12.170502, 55.410787, 12.467199, 55.623189)"
77,MT100_2019,Udbredelse_MT100_2019/Udbredelse_NYB_MT100_2019.png,"(10.780314, 55.284468, 10.857494, 55.321417)"
78,MT100_2019,Udbredelse_MT100_2019/Udbredelse_ODE_MT100_2019.png,"(10.370334, 55.394118, 10.6372, 55.57133)"
79,MT100_2019,Udbredelse_MT100_2019/Udbredelse_RAF_MT100_2019.png,"(9.744227, 56.374419, 10.3653, 56.628635)"
80,MT100_2019,Udbredelse_MT100_2019/Udbredelse_SKB_MT100_2019.png,"(9.59467, 55.510278, 9.623154, 55.52257)"
81,MT100_2019,Udbredelse_MT100_2019/Udbredelse_SLO_MT100_2019.png,"(10.937212, 54.588761, 11.573403, 54.904299)"
82,MT100_2019,Udbredelse_MT100_2019/Udbredelse_VEJ_MT100_2019.png,"(9.541189, 55.690325, 9.668524, 55.710769)"
83,MT100_2019,Udbredelse_MT100_2019/Udbredelse_VOR_MT100_2019.png,"(11.840523, 54.97512, 11.936832, 55.019609)"
84,MT20_2019,Udbredelse_MT20_2019/Udbredelse_AAB_MT20_2019.png,"(9.420887, 55.016194, 9.46014, 55.046988)"
85,MT20_2019,Udbredelse_MT20_2019/Udbredelse_ESB_MT20_2019.png,"(8.396491, 55.434795, 8.505815, 55.48718)"
86,MT20_2019,Udbredelse_MT20_2019/Udbredelse_FRE_MT20_2019.png,"(9.726638, 55.544819, 9.768326, 55.56403)"
87,MT20_2019,Udbredelse_MT20_2019/Udbredelse_HOL_MT20_2019.png,"(8.591572, 56.348174, 8.638268, 56.36004)"
88,MT20_2019,Udbredelse_MT20_2019/Udbredelse_JUE_MT20_2019.png,"(9.999679, 55.696635, 10.030704, 55.718007)"
89,MT20_2019,Udbredelse_MT20_2019/Udbredelse_KHS_MT20_2019.png,"(12.444529, 55.552256, 12.691648, 55.714702)"
90,MT20_2019,Udbredelse_MT20_2019/Udbredelse_KHN_MT20_2019.png,"(12.490877, 55.581365, 12.694708, 55.726291)"
91,MT20_2019,Udbredelse_MT20_2019/Udbredelse_KOL_MT20_2019.png,"(9.377723, 55.479681, 9.552975, 55.502886)"
92,MT20_2019,Udbredelse_MT20_2019/Udbredelse_KOR_MT20_2019.png,"(11.09061, 55.307733, 11.208286, 55.355967)"
93,MT20_2019,Udbredelse_MT20_2019/Udbredelse_KBU_MT20_2019.png,"(12.17071, 55.410787, 12.46718, 55.622969)"
94,MT20_2019,Udbredelse_MT20_2019/Udbredelse_NYB_MT20_2019.png,"(10.780314, 55.284468, 10.857494, 55.321418)"
95,MT20_2019,Udbredelse_MT20_2019/Udbredelse_ODE_MT20_2019.png,"(10.370971, 55.394699, 10.6372, 55.571323)"
96,MT20_2019,Udbredelse_MT20_2019/Udbredelse_RAF_MT20_2019.png,"(9.744352, 56.374455, 10.364901, 56.628634)"
97,MT20_2019,Udbredelse_MT20_2019/Udbredelse_SKB_MT20_2019.png,"(9.59467, 55.51027, 9.623153, 55.522523)"
98,MT20_2019,Udbredelse_MT20_2019/Udbredelse_SLO_MT20_2019.png,"(10.937212, 54.588761, 11.573403, 54.904299)"
99,MT20_2019,Udbredelse_MT20_2019/Udbredelse_VEJ_MT20_2019.png,"(9.542685, 55.690325, 9.668523, 55.710755)"
100,MT20_2019,Udbredelse_MT20_2019/Udbredelse_VOR_MT20_2019.png,"(11.840523, 54.97512, 11.936832, 55.019609)"
101,MT50_2115,Udbredelse_MT50_2115/Udbredelse_HOL_MT50_2115.png,"(8.590139, 56.34769, 8.638287, 56.360013)"
102,MT50_2065,Udbredelse_MT50_2065/Udbredelse_HOL_MT50_2065.png,"(8.590139, 56.34769, 8.638287, 56.360013)"
103,MT50_2019,Udbredelse_MT50_2019/Udbredelse_HOL_MT50_2019.png,"(8.59072, 56.348062, 8.638312, 56.36004)"
